UNIX_TIMESTAMP(ts)	time	lat	lon	alt	track	speed	climb
1387624740	0000-00-00 00:00:00	-41.1472	-71.1635	0	360	0	NULL
1387624744	0000-00-00 00:00:00	-41.1472	-71.1635	0	360	0	NULL
1387624748	0000-00-00 00:00:00	-41.1472	-71.1635	0	360	0	NULL
1387624752	0000-00-00 00:00:00	-41.1472	-71.1633	0	360	0.617	NULL
1387624756	0000-00-00 00:00:00	-41.1472	-71.1633	0	119.1	1.132	NULL
1387624760	0000-00-00 00:00:00	-41.1473	-71.1632	0	130.5	4.527	NULL
1387624764	0000-00-00 00:00:00	-41.1475	-71.163	0	134.1	5.659	NULL
1387624768	0000-00-00 00:00:00	-41.1477	-71.1627	0	132.7	7.562	NULL
1387624775	0000-00-00 00:00:00	-41.1478	-71.1623	0	130.5	7.151	NULL
1387624781	0000-00-00 00:00:00	-41.1482	-71.1618	0	119.3	6.688	NULL
1387624784	0000-00-00 00:00:00	-41.1482	-71.1615	0	114.9	6.791	NULL
1387624788	0000-00-00 00:00:00	-41.1483	-71.1613	0	113.2	6.379	NULL
1387624793	0000-00-00 00:00:00	-41.1485	-71.161	0	114.8	6.07	NULL
1387624796	0000-00-00 00:00:00	-41.1485	-71.1607	0	117.8	5.813	NULL
1387624800	0000-00-00 00:00:00	-41.1487	-71.1605	0	115.1	5.556	NULL
1387624804	0000-00-00 00:00:00	-41.1487	-71.1603	0	114.3	5.299	NULL
1387624809	0000-00-00 00:00:00	-41.1488	-71.16	0	114.5	5.042	NULL
1387624814	0000-00-00 00:00:00	-41.1488	-71.1597	0	111.7	4.887	NULL
1387624819	0000-00-00 00:00:00	-41.149	-71.1595	0	111.6	4.836	NULL
1387624824	0000-00-00 00:00:00	-41.149	-71.1592	0	115.4	4.939	NULL
1387624829	0000-00-00 00:00:00	-41.1492	-71.159	0	117.8	5.762	NULL
1387624833	0000-00-00 00:00:00	-41.1493	-71.1587	0	114.7	8.077	NULL
1387624837	0000-00-00 00:00:00	-41.1495	-71.1582	0	112	9.209	NULL
1387624841	0000-00-00 00:00:00	-41.1495	-71.1578	0	112.4	9.466	NULL
1387624845	0000-00-00 00:00:00	-41.1497	-71.1573	0	114.1	9.209	NULL
1387624849	0000-00-00 00:00:00	-41.1498	-71.157	0	116.7	8.9	NULL
1387624853	0000-00-00 00:00:00	-41.15	-71.1567	0	114.1	8.591	NULL
1387624857	0000-00-00 00:00:00	-41.1502	-71.1562	0	112.7	8.385	NULL
1387624861	0000-00-00 00:00:00	-41.1502	-71.1558	0	117	8.077	NULL
1387624865	0000-00-00 00:00:00	-41.1503	-71.1555	0	114.5	7.922	NULL
1387624869	0000-00-00 00:00:00	-41.1505	-71.1552	0	115.1	8.077	NULL
1387624874	0000-00-00 00:00:00	-41.1505	-71.1548	0	110.6	8.18	NULL
1387624879	0000-00-00 00:00:00	-41.1508	-71.1543	0	115.8	8.18	NULL
1387624885	0000-00-00 00:00:00	-41.151	-71.1538	0	117	7.82	NULL
1387624889	0000-00-00 00:00:00	-41.151	-71.1535	0	114.9	7.459	NULL
1387624893	0000-00-00 00:00:00	-41.1512	-71.1532	0	114.5	7.151	NULL
1387624897	0000-00-00 00:00:00	-41.1513	-71.1528	0	113.4	6.945	NULL
1387624901	0000-00-00 00:00:00	-41.1513	-71.1525	0	117.5	6.842	NULL
1387624906	0000-00-00 00:00:00	-41.1515	-71.1522	0	116.9	6.791	NULL
1387624910	0000-00-00 00:00:00	-41.1517	-71.1518	0	115.6	6.431	NULL
1387624914	0000-00-00 00:00:00	-41.1517	-71.1517	0	112.6	6.431	NULL
1387624920	0000-00-00 00:00:00	-41.1518	-71.1512	0	113.4	6.585	NULL
1387624924	0000-00-00 00:00:00	-41.152	-71.1508	0	115	6.739	NULL
1387624930	0000-00-00 00:00:00	-41.1522	-71.1505	0	114.1	6.996	NULL
1387624934	0000-00-00 00:00:00	-41.1522	-71.1502	0	110.7	7.048	NULL
1387624938	0000-00-00 00:00:00	-41.1523	-71.1498	0	116.3	7.048	NULL
1387624942	0000-00-00 00:00:00	-41.1523	-71.1495	0	114.2	7.254	NULL
1387624946	0000-00-00 00:00:00	-41.1525	-71.1492	0	114.4	7.357	NULL
1387624950	0000-00-00 00:00:00	-41.1527	-71.1488	0	114.1	7.614	NULL
1387624954	0000-00-00 00:00:00	-41.1527	-71.1485	0	114	8.18	NULL
1387624958	0000-00-00 00:00:00	-41.1528	-71.1482	0	115.5	8.54	NULL
1387624962	0000-00-00 00:00:00	-41.153	-71.1478	0	115.8	8.9	NULL
1387624967	0000-00-00 00:00:00	-41.1532	-71.1475	0	112.4	9.003	NULL
1387624970	0000-00-00 00:00:00	-41.1533	-71.147	0	112.9	8.746	NULL
1387624975	0000-00-00 00:00:00	-41.1533	-71.1467	0	116.3	8.591	NULL
1387624981	0000-00-00 00:00:00	-41.1535	-71.1463	0	116.8	8.231	NULL
1387624985	0000-00-00 00:00:00	-41.1537	-71.1458	0	110.9	7.614	NULL
1387624991	0000-00-00 00:00:00	-41.1538	-71.1453	0	112.6	7.099	NULL
1387624995	0000-00-00 00:00:00	-41.154	-71.145	0	118.9	6.533	NULL
1387624999	0000-00-00 00:00:00	-41.1542	-71.1448	0	131.7	4.99	NULL
1387625003	0000-00-00 00:00:00	-41.1542	-71.1447	0	139.2	4.476	NULL
1387625007	0000-00-00 00:00:00	-41.1543	-71.1447	0	186.9	3.292	NULL
1387625011	0000-00-00 00:00:00	-41.1545	-71.1448	0	189.7	3.292	NULL
1387625015	0000-00-00 00:00:00	-41.1545	-71.1448	0	194.3	2.778	NULL
1387625020	0000-00-00 00:00:00	-41.1547	-71.1448	0	196	2.315	NULL
1387625025	0000-00-00 00:00:00	-41.1547	-71.1448	0	196.2	1.183	NULL
1387625029	0000-00-00 00:00:00	-41.1547	-71.1448	0	196.1	0.875	NULL
1387625033	0000-00-00 00:00:00	-41.1547	-71.1448	0	196.2	0.514	NULL
1387625037	0000-00-00 00:00:00	-41.1547	-71.1448	0	196.2	0	NULL
1387625042	0000-00-00 00:00:00	-41.1547	-71.1448	0	196.2	0	NULL
1387625046	0000-00-00 00:00:00	-41.1547	-71.1448	0	196.2	0	NULL
1387625050	0000-00-00 00:00:00	-41.1547	-71.1448	0	196.2	0	NULL
1387625055	0000-00-00 00:00:00	-41.1547	-71.1448	0	196.2	0	NULL
1387625060	0000-00-00 00:00:00	-41.1547	-71.1448	0	196.2	0	NULL
1387625064	0000-00-00 00:00:00	-41.1547	-71.1448	0	196.2	0	NULL
1387625068	0000-00-00 00:00:00	-41.1547	-71.1448	0	196.2	0	NULL
1387625074	0000-00-00 00:00:00	-41.1547	-71.1448	0	196.2	0	NULL
1387625078	0000-00-00 00:00:00	-41.1547	-71.1448	0	196.2	0	NULL
1387625082	0000-00-00 00:00:00	-41.1547	-71.1448	0	196.2	0	NULL
1387625090	0000-00-00 00:00:00	-41.1547	-71.1448	0	196.2	0	NULL
1387625094	0000-00-00 00:00:00	-41.1547	-71.1448	0	196.2	0	NULL
1387625098	0000-00-00 00:00:00	-41.1547	-71.1448	0	196.2	0	NULL
1387625102	0000-00-00 00:00:00	-41.1547	-71.1448	0	196.2	0	NULL
1387625108	0000-00-00 00:00:00	-41.1547	-71.1448	0	196.2	0	NULL
1387625112	0000-00-00 00:00:00	-41.1547	-71.1448	0	196.2	0	NULL
1387625118	0000-00-00 00:00:00	-41.1547	-71.1448	0	196.2	0	NULL
1387625122	0000-00-00 00:00:00	-41.1547	-71.1448	0	196.2	0	NULL
1387625128	0000-00-00 00:00:00	-41.1547	-71.1448	0	196.2	0	NULL
1387625132	0000-00-00 00:00:00	-41.1547	-71.1448	0	196.2	0	NULL
1387625136	0000-00-00 00:00:00	-41.1547	-71.1448	0	196.2	0	NULL
1387625140	0000-00-00 00:00:00	-41.1547	-71.1448	0	196.2	0	NULL
1387625144	0000-00-00 00:00:00	-41.1547	-71.1448	0	196.2	0	NULL
1387625148	0000-00-00 00:00:00	-41.1547	-71.1448	0	196.2	0	NULL
1387625152	0000-00-00 00:00:00	-41.1547	-71.1448	0	196.2	0	NULL
1387625156	0000-00-00 00:00:00	-41.1547	-71.1448	0	196.2	0	NULL
1387625162	0000-00-00 00:00:00	-41.1547	-71.1448	0	196.2	0	NULL
1387625166	0000-00-00 00:00:00	-41.1547	-71.1448	0	196.2	0	NULL
1387625170	0000-00-00 00:00:00	-41.1547	-71.1448	0	196.2	0	NULL
1387625174	0000-00-00 00:00:00	-41.1547	-71.1448	0	196.2	0	NULL
1387625180	0000-00-00 00:00:00	-41.1547	-71.1448	0	196.2	0	NULL
1387625185	0000-00-00 00:00:00	-41.1547	-71.1448	0	202.5	2.572	NULL
1387625191	0000-00-00 00:00:00	-41.155	-71.145	0	202	4.527	NULL
1387625196	0000-00-00 00:00:00	-41.1552	-71.145	0	201.9	4.99	NULL
1387625202	0000-00-00 00:00:00	-41.1553	-71.1452	0	209.7	5.247	NULL
1387625207	0000-00-00 00:00:00	-41.1555	-71.1455	0	273.2	4.167	NULL
1387625211	0000-00-00 00:00:00	-41.1553	-71.1457	0	288.8	3.858	NULL
1387625215	0000-00-00 00:00:00	-41.1553	-71.1458	0	290.5	3.653	NULL
1387625219	0000-00-00 00:00:00	-41.1553	-71.146	0	291	3.55	NULL
1387625223	0000-00-00 00:00:00	-41.1552	-71.1463	0	293.9	6.482	NULL
1387625227	0000-00-00 00:00:00	-41.155	-71.1467	0	295.3	9.723	NULL
1387625235	0000-00-00 00:00:00	-41.1548	-71.1475	0	294	14.302	NULL
1387625239	0000-00-00 00:00:00	-41.1543	-71.1487	0	293.9	18.674	NULL
1387625243	0000-00-00 00:00:00	-41.1542	-71.1495	0	294.5	21.812	NULL
1387625247	0000-00-00 00:00:00	-41.1537	-71.1507	0	294.5	24.951	NULL
1387625251	0000-00-00 00:00:00	-41.1533	-71.1517	0	294.7	27.06	NULL
1387625257	0000-00-00 00:00:00	-41.1527	-71.1537	0	294.4	29.426	NULL
1387625261	0000-00-00 00:00:00	-41.1522	-71.155	0	294.8	30.044	NULL
1387625265	0000-00-00 00:00:00	-41.1518	-71.1563	0	294.5	29.375	NULL
1387625270	0000-00-00 00:00:00	-41.1513	-71.1575	0	295.6	28.603	NULL
1387625275	0000-00-00 00:00:00	-41.1507	-71.1593	0	294.7	27.78	NULL
1387625279	0000-00-00 00:00:00	-41.1502	-71.1605	0	294.6	27.317	NULL
1387625283	0000-00-00 00:00:00	-41.1498	-71.1617	0	295.4	27.163	NULL
1387625289	0000-00-00 00:00:00	-41.1492	-71.1633	0	296.6	26.082	NULL
1387625293	0000-00-00 00:00:00	-41.1488	-71.1645	0	297.1	26.7	NULL
1387625297	0000-00-00 00:00:00	-41.1483	-71.1657	0	296	26.905	NULL
1387625303	0000-00-00 00:00:00	-41.1477	-71.1673	0	297.3	26.648	NULL
1387625311	0000-00-00 00:00:00	-41.1467	-71.1695	0	304.7	27.111	NULL
1387625315	0000-00-00 00:00:00	-41.146	-71.1705	0	309.1	27.008	NULL
1387625319	0000-00-00 00:00:00	-41.1455	-71.1715	0	311.4	27.008	NULL
1387625323	0000-00-00 00:00:00	-41.1447	-71.1725	0	317	27.471	NULL
1387625327	0000-00-00 00:00:00	-41.144	-71.1732	0	324	27.729	NULL
1387625331	0000-00-00 00:00:00	-41.143	-71.174	0	329	27.883	NULL
1387625335	0000-00-00 00:00:00	-41.1422	-71.1747	0	330.8	28.655	NULL
1387625340	0000-00-00 00:00:00	-41.1412	-71.1752	0	341	30.301	NULL
1387625346	0000-00-00 00:00:00	-41.1395	-71.1757	0	349.9	30.764	NULL
1387625351	0000-00-00 00:00:00	-41.1378	-71.1758	0	358.9	31.433	NULL
1387625355	0000-00-00 00:00:00	-41.1368	-71.1757	0	3.3	31.278	NULL
1387625360	0000-00-00 00:00:00	-41.1355	-71.1755	0	9.5	31.638	NULL
1387625363	0000-00-00 00:00:00	-41.1345	-71.1752	0	10.9	31.998	NULL
1387625368	0000-00-00 00:00:00	-41.1333	-71.1748	0	13.4	32.204	NULL
1387625375	0000-00-00 00:00:00	-41.1317	-71.1742	0	15.7	31.484	NULL
1387625381	0000-00-00 00:00:00	-41.1295	-71.1733	0	18	31.844	NULL
1387625386	0000-00-00 00:00:00	-41.1283	-71.1728	0	18.7	32.77	NULL
1387625390	0000-00-00 00:00:00	-41.1272	-71.1723	0	16.7	32.719	NULL
1387625394	0000-00-00 00:00:00	-41.126	-71.172	0	15.7	33.336	NULL
1387625398	0000-00-00 00:00:00	-41.1248	-71.1715	0	14.9	33.49	NULL
1387625402	0000-00-00 00:00:00	-41.1237	-71.1712	0	14.1	32.153	NULL
1387625406	0000-00-00 00:00:00	-41.1227	-71.1708	0	12.8	31.793	NULL
1387625410	0000-00-00 00:00:00	-41.1215	-71.1705	0	12.2	30.815	NULL
1387625416	0000-00-00 00:00:00	-41.1198	-71.1702	0	10.2	30.609	NULL
1387625420	0000-00-00 00:00:00	-41.1188	-71.1698	0	13.4	31.175	NULL
1387625424	0000-00-00 00:00:00	-41.1177	-71.1695	0	13.7	31.741	NULL
1387625428	0000-00-00 00:00:00	-41.1167	-71.169	0	15.6	31.433	NULL
1387625432	0000-00-00 00:00:00	-41.1155	-71.1687	0	18.3	31.021	NULL
1387625436	0000-00-00 00:00:00	-41.1145	-71.1682	0	19.3	31.072	NULL
1387625440	0000-00-00 00:00:00	-41.1135	-71.1675	0	22.2	30.867	NULL
1387625446	0000-00-00 00:00:00	-41.112	-71.1667	0	25.9	31.227	NULL
1387625450	0000-00-00 00:00:00	-41.111	-71.166	0	27.4	31.535	NULL
1387625454	0000-00-00 00:00:00	-41.11	-71.1652	0	28.5	31.896	NULL
1387625460	0000-00-00 00:00:00	-41.1083	-71.1642	0	28.6	32.204	NULL
1387625464	0000-00-00 00:00:00	-41.1073	-71.1633	0	28	31.896	NULL
1387625468	0000-00-00 00:00:00	-41.1063	-71.1627	0	25.5	31.998	NULL
1387625475	0000-00-00 00:00:00	-41.1047	-71.1618	0	19.9	30.764	NULL
1387625480	0000-00-00 00:00:00	-41.1032	-71.1613	0	12.4	30.352	NULL
1387625486	0000-00-00 00:00:00	-41.1015	-71.1612	0	4	29.683	NULL
1387625490	0000-00-00 00:00:00	-41.1005	-71.1612	0	359.1	28.809	NULL
1387625494	0000-00-00 00:00:00	-41.0995	-71.1613	0	355.5	28.14	NULL
1387625498	0000-00-00 00:00:00	-41.0985	-71.1615	0	353.7	27.368	NULL
1387625502	0000-00-00 00:00:00	-41.0975	-71.1617	0	350.8	27.42	NULL
1387625506	0000-00-00 00:00:00	-41.0965	-71.1622	0	337.4	27.677	NULL
1387625510	0000-00-00 00:00:00	-41.0958	-71.163	0	315	27.163	NULL
1387625516	0000-00-00 00:00:00	-41.0955	-71.1642	0	291.7	26.545	NULL
1387625520	0000-00-00 00:00:00	-41.0952	-71.166	0	285.5	25.979	NULL
1387625524	0000-00-00 00:00:00	-41.0948	-71.1672	0	287.8	25.465	NULL
1387625528	0000-00-00 00:00:00	-41.0945	-71.1683	0	290	25.002	NULL
1387625532	0000-00-00 00:00:00	-41.0942	-71.1695	0	291.4	24.899	NULL
1387625536	0000-00-00 00:00:00	-41.0938	-71.1705	0	292.7	24.179	NULL
1387625540	0000-00-00 00:00:00	-41.0935	-71.1715	0	292.9	23.973	NULL
1387625547	0000-00-00 00:00:00	-41.0932	-71.1727	0	292	24.488	NULL
1387625552	0000-00-00 00:00:00	-41.0927	-71.1748	0	289.5	23.973	NULL
1387625556	0000-00-00 00:00:00	-41.0923	-71.176	0	287.9	23.716	NULL
1387625561	0000-00-00 00:00:00	-41.092	-71.177	0	289.2	23.664	NULL
1387625566	0000-00-00 00:00:00	-41.0908	-71.1778	0	347.6	28.346	NULL
1387625570	0000-00-00 00:00:00	-41.0897	-71.1775	0	19.1	32.719	NULL
1387625575	0000-00-00 00:00:00	-41.0887	-71.1765	0	44.7	36.937	NULL
1387625578	0000-00-00 00:00:00	-41.0882	-71.1747	0	68.7	40.024	NULL
1387625586	0000-00-00 00:00:00	-41.0882	-71.1717	0	101.1	41.156	NULL
1387625590	0000-00-00 00:00:00	-41.0893	-71.1693	0	131.3	39.406	NULL
1387625595	0000-00-00 00:00:00	-41.0905	-71.1683	0	151.5	37.709	NULL
1387625599	0000-00-00 00:00:00	-41.0918	-71.168	0	172.6	35.342	NULL
1387625603	0000-00-00 00:00:00	-41.093	-71.1685	0	197	31.844	NULL
1387625607	0000-00-00 00:00:00	-41.0937	-71.1693	0	224.3	28.14	NULL
1387625611	0000-00-00 00:00:00	-41.094	-71.1705	0	253.5	25.722	NULL
1387625615	0000-00-00 00:00:00	-41.0938	-71.1718	0	280.4	24.951	NULL
1387625621	0000-00-00 00:00:00	-41.0933	-71.1728	0	308.5	25.979	NULL
1387625627	0000-00-00 00:00:00	-41.0917	-71.174	0	335.4	28.603	NULL
1387625631	0000-00-00 00:00:00	-41.0905	-71.1745	0	339	29.118	NULL
1387625635	0000-00-00 00:00:00	-41.0895	-71.175	0	341.8	29.632	NULL
1387625639	0000-00-00 00:00:00	-41.0885	-71.1753	0	343.1	30.352	NULL
1387625643	0000-00-00 00:00:00	-41.0875	-71.1758	0	344.6	30.918	NULL
1387625650	0000-00-00 00:00:00	-41.0858	-71.1763	0	349.9	31.793	NULL
1387625655	0000-00-00 00:00:00	-41.0842	-71.1767	0	352.3	31.896	NULL
1387625661	0000-00-00 00:00:00	-41.0823	-71.1768	0	355.6	31.433	NULL
1387625665	0000-00-00 00:00:00	-41.0813	-71.1768	0	359.3	31.69	NULL
1387625669	0000-00-00 00:00:00	-41.0802	-71.1768	0	0.2	31.998	NULL
1387625673	0000-00-00 00:00:00	-41.079	-71.1768	0	358.3	31.947	NULL
1387625679	0000-00-00 00:00:00	-41.0772	-71.1767	0	13.2	33.542	NULL
1387625683	0000-00-00 00:00:00	-41.076	-71.176	0	25.5	35.6	NULL
1387625687	0000-00-00 00:00:00	-41.075	-71.1752	0	29.8	36.165	NULL
1387625693	0000-00-00 00:00:00	-41.0733	-71.1737	0	34.4	36.68	NULL
1387625697	0000-00-00 00:00:00	-41.0725	-71.1722	0	57.2	39.767	NULL
1387625701	0000-00-00 00:00:00	-41.0723	-71.1702	0	99.5	41.979	NULL
1387625707	0000-00-00 00:00:00	-41.0737	-71.168	0	145.3	36.217	NULL
1387625711	0000-00-00 00:00:00	-41.0748	-71.1678	0	182.5	32.153	NULL
1387625715	0000-00-00 00:00:00	-41.0757	-71.1685	0	215.3	28.809	NULL
1387625719	0000-00-00 00:00:00	-41.0758	-71.1698	0	274.3	25.619	NULL
1387625723	0000-00-00 00:00:00	-41.0752	-71.1708	0	316.5	27.78	NULL
1387625731	0000-00-00 00:00:00	-41.0735	-71.1712	0	6.5	34.725	NULL
1387625736	0000-00-00 00:00:00	-41.0717	-71.1695	0	45.6	41.001	NULL
1387625741	0000-00-00 00:00:00	-41.0712	-71.1665	0	96.3	44.139	NULL
1387625745	0000-00-00 00:00:00	-41.0722	-71.1648	0	133	42.699	NULL
1387625750	0000-00-00 00:00:00	-41.0733	-71.164	0	152.4	38.12	NULL
1387625756	0000-00-00 00:00:00	-41.0753	-71.163	0	156.1	36.937	NULL
1387625761	0000-00-00 00:00:00	-41.0767	-71.162	0	148.1	38.326	NULL
1387625765	0000-00-00 00:00:00	-41.078	-71.1605	0	142.1	37.863	NULL
1387625769	0000-00-00 00:00:00	-41.0792	-71.1593	0	142	37.503	NULL
1387625773	0000-00-00 00:00:00	-41.0802	-71.1582	0	142.9	37.915	NULL
1387625778	0000-00-00 00:00:00	-41.0813	-71.1572	0	144.9	37.503	NULL
1387625781	0000-00-00 00:00:00	-41.0825	-71.1562	0	145.3	36.32	NULL
1387625786	0000-00-00 00:00:00	-41.0835	-71.1552	0	146.4	35.342	NULL
1387625789	0000-00-00 00:00:00	-41.0847	-71.1543	0	148.3	35.342	NULL
1387625794	0000-00-00 00:00:00	-41.0857	-71.1535	0	148.8	35.239	NULL
1387625797	0000-00-00 00:00:00	-41.0868	-71.1527	0	149.6	34.416	NULL
1387625802	0000-00-00 00:00:00	-41.088	-71.1518	0	154.7	34.313	NULL
1387625806	0000-00-00 00:00:00	-41.0892	-71.152	0	188.3	31.741	NULL
1387625810	0000-00-00 00:00:00	-41.0902	-71.153	0	221.3	28.912	NULL
1387625816	0000-00-00 00:00:00	-41.0915	-71.1542	0	215.2	29.683	NULL
1387625820	0000-00-00 00:00:00	-41.0925	-71.1548	0	204.6	29.889	NULL
1387625824	0000-00-00 00:00:00	-41.0933	-71.1555	0	206.5	29.323	NULL
1387625828	0000-00-00 00:00:00	-41.0943	-71.1562	0	212.4	28.449	NULL
1387625833	0000-00-00 00:00:00	-41.0953	-71.1568	0	201.8	28.963	NULL
1387625836	0000-00-00 00:00:00	-41.0962	-71.1575	0	205	28.089	NULL
1387625841	0000-00-00 00:00:00	-41.0972	-71.1578	0	201.4	28.5	NULL
1387625844	0000-00-00 00:00:00	-41.0982	-71.1585	0	202.9	28.86	NULL
1387625849	0000-00-00 00:00:00	-41.0992	-71.159	0	200	28.963	NULL
1387625853	0000-00-00 00:00:00	-41.1002	-71.1593	0	196.1	28.809	NULL
1387625856	0000-00-00 00:00:00	-41.1012	-71.1597	0	193.7	28.603	NULL
1387625861	0000-00-00 00:00:00	-41.1022	-71.16	0	191	29.169	NULL
1387625864	0000-00-00 00:00:00	-41.1033	-71.1602	0	187.5	30.301	NULL
1387625869	0000-00-00 00:00:00	-41.1043	-71.1603	0	181.9	31.484	NULL
1387625875	0000-00-00 00:00:00	-41.1062	-71.1598	0	165.7	32.873	NULL
1387625879	0000-00-00 00:00:00	-41.1072	-71.1592	0	149.7	33.696	NULL
1387625883	0000-00-00 00:00:00	-41.1082	-71.158	0	138.3	34.879	NULL
1387625886	0000-00-00 00:00:00	-41.109	-71.1568	0	132.2	36.989	NULL
1387625891	0000-00-00 00:00:00	-41.11	-71.1553	0	130.5	38.172	NULL
1387625895	0000-00-00 00:00:00	-41.1108	-71.154	0	133	38.172	NULL
1387625898	0000-00-00 00:00:00	-41.1118	-71.1528	0	134.8	37.709	NULL
1387625903	0000-00-00 00:00:00	-41.1128	-71.1515	0	132.4	38.12	NULL
1387625907	0000-00-00 00:00:00	-41.1137	-71.15	0	128.3	38.789	NULL
1387625913	0000-00-00 00:00:00	-41.115	-71.1478	0	128.6	39.201	NULL
1387625919	0000-00-00 00:00:00	-41.1163	-71.1457	0	133.2	40.075	NULL
1387625926	0000-00-00 00:00:00	-41.118	-71.1437	0	136	40.23	NULL
1387625931	0000-00-00 00:00:00	-41.1197	-71.1418	0	140.6	40.127	NULL
1387625935	0000-00-00 00:00:00	-41.1208	-71.1407	0	145.2	39.869	NULL
1387625944	0000-00-00 00:00:00	-41.1227	-71.139	0	146.8	40.178	NULL
1387625949	0000-00-00 00:00:00	-41.125	-71.1372	0	149.9	37.915	NULL
1387625953	0000-00-00 00:00:00	-41.1262	-71.1363	0	151.2	38.172	NULL
1387625957	0000-00-00 00:00:00	-41.1275	-71.1355	0	152.4	38.532	NULL
1387625961	0000-00-00 00:00:00	-41.1287	-71.1347	0	155.2	38.48	NULL
1387625965	0000-00-00 00:00:00	-41.13	-71.1338	0	155.9	38.069	NULL
1387625970	0000-00-00 00:00:00	-41.1313	-71.1332	0	155.8	38.017	NULL
1387625977	0000-00-00 00:00:00	-41.1332	-71.1322	0	158.6	38.223	NULL
1387625983	0000-00-00 00:00:00	-41.1352	-71.1313	0	166.9	38.378	NULL
1387625987	0000-00-00 00:00:00	-41.1375	-71.131	0	176.2	44.036	NULL
1387625991	0000-00-00 00:00:00	-41.1392	-71.1308	0	179.2	47.329	NULL
1387625995	0000-00-00 00:00:00	-41.1408	-71.131	0	181.2	47.072	NULL
1387625999	0000-00-00 00:00:00	-41.1425	-71.131	0	182.6	45.991	NULL
1387626003	0000-00-00 00:00:00	-41.1442	-71.1312	0	182.3	45.323	NULL
1387626007	0000-00-00 00:00:00	-41.1457	-71.1312	0	183	44.808	NULL
1387626012	0000-00-00 00:00:00	-41.1473	-71.1313	0	184.8	45.168	NULL
1387626017	0000-00-00 00:00:00	-41.1498	-71.1318	0	189.2	44.654	NULL
1387626021	0000-00-00 00:00:00	-41.1513	-71.1323	0	195.4	44.448	NULL
1387626026	0000-00-00 00:00:00	-41.1528	-71.1332	0	201.9	43.625	NULL
1387626030	0000-00-00 00:00:00	-41.1543	-71.134	0	202.7	41.619	NULL
1387626034	0000-00-00 00:00:00	-41.1557	-71.135	0	213.8	40.538	NULL
1387626038	0000-00-00 00:00:00	-41.1567	-71.1363	0	227	39.767	NULL
1387626042	0000-00-00 00:00:00	-41.1572	-71.1382	0	246.8	41.979	NULL
1387626046	0000-00-00 00:00:00	-41.1573	-71.1402	0	265.9	40.795	NULL
1387626052	0000-00-00 00:00:00	-41.1567	-71.1428	0	299.3	40.178	NULL
1387626058	0000-00-00 00:00:00	-41.1555	-71.1453	0	295.3	40.384	NULL
1387626062	0000-00-00 00:00:00	-41.155	-71.1472	0	294.1	39.406	NULL
1387626066	0000-00-00 00:00:00	-41.1543	-71.1488	0	294.5	36.474	NULL
1387626070	0000-00-00 00:00:00	-41.1538	-71.1503	0	295.1	34.108	NULL
1387626074	0000-00-00 00:00:00	-41.1533	-71.1517	0	295	31.947	NULL
1387626078	0000-00-00 00:00:00	-41.1528	-71.153	0	294.5	30.198	NULL
1387626082	0000-00-00 00:00:00	-41.1525	-71.1542	0	295.2	28.552	NULL
1387626086	0000-00-00 00:00:00	-41.152	-71.1553	0	294.6	27.008	NULL
1387626090	0000-00-00 00:00:00	-41.1517	-71.1565	0	295.2	25.671	NULL
1387626096	0000-00-00 00:00:00	-41.151	-71.158	0	295.9	23.51	NULL
1387626100	0000-00-00 00:00:00	-41.1507	-71.159	0	295.1	22.275	NULL
1387626104	0000-00-00 00:00:00	-41.1505	-71.16	0	293.7	20.732	NULL
1387626108	0000-00-00 00:00:00	-41.1502	-71.1608	0	293.9	19.24	NULL
1387626112	0000-00-00 00:00:00	-41.1498	-71.1615	0	293.7	17.388	NULL
1387626118	0000-00-00 00:00:00	-41.1495	-71.1625	0	299.5	14.867	NULL
1387626122	0000-00-00 00:00:00	-41.1492	-71.163	0	311.4	13.273	NULL
1387626128	0000-00-00 00:00:00	-41.1488	-71.1633	0	331.7	10.443	NULL
1387626132	0000-00-00 00:00:00	-41.1483	-71.1632	0	15	8.488	NULL
1387626136	0000-00-00 00:00:00	-41.1482	-71.163	0	22.4	7.562	NULL
1387626142	0000-00-00 00:00:00	-41.1478	-71.163	0	352.2	6.019	NULL
1387626146	0000-00-00 00:00:00	-41.1477	-71.1632	0	340.2	4.939	NULL
1387626150	0000-00-00 00:00:00	-41.1475	-71.1632	0	335.5	4.321	NULL
1387626154	0000-00-00 00:00:00	-41.1473	-71.1633	0	331.4	3.704	NULL
1387626159	0000-00-00 00:00:00	-41.1473	-71.1633	0	320.3	1.543	NULL
1387626164	0000-00-00 00:00:00	-41.1473	-71.1633	0	319.5	0.514	NULL
1387626170	0000-00-00 00:00:00	-41.1473	-71.1633	0	319.5	0	NULL
1387626174	0000-00-00 00:00:00	-41.1473	-71.1633	0	319.5	0	NULL
1387626178	0000-00-00 00:00:00	-41.1473	-71.1633	0	319.5	0	NULL
1387626183	0000-00-00 00:00:00	-41.1473	-71.1633	0	319.5	0	NULL
1387626186	0000-00-00 00:00:00	-41.1473	-71.1633	0	319.5	0	NULL
1387721022	0000-00-00 00:00:00	-41.1473	-71.1633	0	360	0	NULL
1387721026	0000-00-00 00:00:00	-41.1473	-71.1633	0	360	0	NULL
1387721030	0000-00-00 00:00:00	-41.1473	-71.1633	0	360	0	NULL
1387721034	0000-00-00 00:00:00	-41.1473	-71.1633	0	360	0	NULL
1387721040	0000-00-00 00:00:00	-41.1473	-71.1633	0	360	0	NULL
1387721044	0000-00-00 00:00:00	-41.1473	-71.1633	0	360	0	NULL
1387721052	0000-00-00 00:00:00	-41.1473	-71.1633	0	360	0	NULL
1387721056	0000-00-00 00:00:00	-41.1473	-71.1633	0	360	0	NULL
1387721060	0000-00-00 00:00:00	-41.1473	-71.1633	0	360	0	NULL
1387721064	0000-00-00 00:00:00	-41.1473	-71.1633	0	360	0	NULL
1387721068	0000-00-00 00:00:00	-41.1473	-71.1633	0	360	0	NULL
1387721072	0000-00-00 00:00:00	-41.1473	-71.1633	0	360	0	NULL
1387721076	0000-00-00 00:00:00	-41.1473	-71.1633	0	360	0	NULL
1387721080	0000-00-00 00:00:00	-41.1473	-71.1633	0	360	0	NULL
1387721084	0000-00-00 00:00:00	-41.1473	-71.1633	0	360	0	NULL
1387721088	0000-00-00 00:00:00	-41.1473	-71.1633	0	360	0	NULL
1387721092	0000-00-00 00:00:00	-41.1473	-71.1633	0	360	0	NULL
1387721096	0000-00-00 00:00:00	-41.1473	-71.1633	0	360	0	NULL
1387721100	0000-00-00 00:00:00	-41.1473	-71.1633	0	360	0	NULL
1387721104	0000-00-00 00:00:00	-41.1473	-71.1633	0	360	0	NULL
1387721110	0000-00-00 00:00:00	-41.1473	-71.1633	0	360	0	NULL
1387721114	0000-00-00 00:00:00	-41.1473	-71.1633	0	360	0	NULL
1387721118	0000-00-00 00:00:00	-41.1473	-71.1633	0	360	0	NULL
1387721123	0000-00-00 00:00:00	-41.1473	-71.1633	0	360	0	NULL
1387721126	0000-00-00 00:00:00	-41.1473	-71.1633	0	360	0	NULL
1387721130	0000-00-00 00:00:00	-41.1473	-71.1633	0	360	0	NULL
1387721134	0000-00-00 00:00:00	-41.1473	-71.1633	0	360	0	NULL
1387721138	0000-00-00 00:00:00	-41.1473	-71.1633	0	360	0	NULL
1387721142	0000-00-00 00:00:00	-41.1473	-71.1633	0	360	0	NULL
1387721146	0000-00-00 00:00:00	-41.1473	-71.1633	0	360	0	NULL
1387721150	0000-00-00 00:00:00	-41.1473	-71.1633	0	360	0	NULL
1387721154	0000-00-00 00:00:00	-41.1473	-71.1633	0	360	0	NULL
1387721158	0000-00-00 00:00:00	-41.1473	-71.1633	0	360	0	NULL
1387721161	0000-00-00 00:00:00	-41.1473	-71.1634	851.8	360	0	NULL
1387721165	0000-00-00 00:00:00	-41.1473	-71.1634	851.8	360	0	NULL
1387721167	0000-00-00 00:00:00	-41.1473	-71.1634	851.8	360	0	NULL
1387721169	0000-00-00 00:00:00	-41.1473	-71.1634	851.8	360	0	NULL
1387721171	0000-00-00 00:00:00	-41.1473	-71.1634	851.8	360	0	NULL
1387721173	0000-00-00 00:00:00	-41.1473	-71.1634	851.8	360	0	NULL
1387721175	0000-00-00 00:00:00	-41.1473	-71.1634	851.8	360	0	NULL
1387721177	0000-00-00 00:00:00	-41.1473	-71.1634	851.8	360	0	NULL
1387721179	0000-00-00 00:00:00	-41.1473	-71.1634	851.8	360	0	NULL
1387721181	0000-00-00 00:00:00	-41.1473	-71.1634	851.8	360	0	NULL
1387721183	0000-00-00 00:00:00	-41.1473	-71.1634	851.8	360	0	NULL
1387721185	0000-00-00 00:00:00	-41.1473	-71.1634	851.8	360	0	NULL
1387721187	0000-00-00 00:00:00	-41.1473	-71.1634	851.8	360	0	NULL
1387721189	0000-00-00 00:00:00	-41.1473	-71.1634	851.8	360	0	NULL
1387721191	0000-00-00 00:00:00	-41.1473	-71.1634	851.8	360	0	NULL
1387721193	0000-00-00 00:00:00	-41.1473	-71.1634	851.8	360	0	NULL
1387721195	0000-00-00 00:00:00	-41.1473	-71.1634	851.8	360	0	NULL
1387721199	0000-00-00 00:00:00	-41.1473	-71.1634	851.8	360	0	NULL
1387721201	0000-00-00 00:00:00	-41.1473	-71.1634	851.8	360	0	NULL
1387721203	0000-00-00 00:00:00	-41.1473	-71.1634	851.8	360	0	NULL
1387721205	0000-00-00 00:00:00	-41.1473	-71.1634	851.8	360	0	NULL
1387721207	0000-00-00 00:00:00	-41.1473	-71.1634	851.8	360	0	NULL
1387721209	0000-00-00 00:00:00	-41.1473	-71.1634	851.8	360	0	NULL
1387721211	0000-00-00 00:00:00	-41.1473	-71.1634	851.8	360	0	NULL
1387721213	0000-00-00 00:00:00	-41.1473	-71.1634	851.8	360	0	NULL
1387721215	0000-00-00 00:00:00	-41.1473	-71.1634	851.8	360	0	NULL
1387721217	0000-00-00 00:00:00	-41.1473	-71.1634	851.8	360	0	NULL
1387721219	0000-00-00 00:00:00	-41.1473	-71.1634	851.8	360	0	NULL
1387721221	0000-00-00 00:00:00	-41.1473	-71.1634	851.8	360	0	NULL
1387721223	0000-00-00 00:00:00	-41.1473	-71.1634	851.8	360	0	NULL
1387721225	0000-00-00 00:00:00	-41.1473	-71.1634	851.8	360	0	NULL
1387721227	0000-00-00 00:00:00	-41.1473	-71.1634	851.8	360	0	NULL
1387721229	0000-00-00 00:00:00	-41.1473	-71.1634	851.8	360	0	NULL
1387721231	0000-00-00 00:00:00	-41.1473	-71.1634	851.8	360	0	NULL
1387721235	0000-00-00 00:00:00	-41.1473	-71.1634	0	360	0	NULL
1387721237	0000-00-00 00:00:00	-41.1473	-71.1634	851.8	360	0	NULL
1387721239	0000-00-00 00:00:00	-41.1473	-71.1634	851.8	360	0	NULL
1387721241	0000-00-00 00:00:00	-41.1473	-71.1634	851.8	360	0	NULL
1387721243	0000-00-00 00:00:00	-41.1473	-71.1634	851.8	360	0	NULL
1387721245	0000-00-00 00:00:00	-41.1473	-71.1634	851.8	360	0	NULL
1387721247	0000-00-00 00:00:00	-41.1473	-71.1634	851.8	360	0	NULL
1387721249	0000-00-00 00:00:00	-41.1473	-71.1634	851.8	360	0	NULL
1387721251	0000-00-00 00:00:00	-41.1473	-71.1634	851.8	360	0	NULL
1387721253	0000-00-00 00:00:00	-41.1473	-71.1634	851.8	360	0	NULL
1387721255	0000-00-00 00:00:00	-41.1473	-71.1634	851.8	360	0	NULL
1387721257	0000-00-00 00:00:00	-41.1473	-71.1634	851.8	360	0	NULL
1387721259	0000-00-00 00:00:00	-41.1473	-71.1634	851.8	360	0	NULL
1387721261	0000-00-00 00:00:00	-41.1473	-71.1634	851.8	360	0	NULL
1387721263	0000-00-00 00:00:00	-41.1473	-71.1634	851.8	360	0	NULL
1387721265	0000-00-00 00:00:00	-41.1473	-71.1634	851.8	360	0	NULL
1387721267	0000-00-00 00:00:00	-41.1473	-71.1634	851.8	360	0	NULL
1387721269	0000-00-00 00:00:00	-41.1473	-71.1634	851.8	360	0	NULL
1387721271	0000-00-00 00:00:00	-41.1473	-71.1634	851.8	360	0	NULL
1387721273	0000-00-00 00:00:00	-41.1473	-71.1634	851.8	360	0	NULL
1387721275	0000-00-00 00:00:00	-41.1473	-71.1634	851.8	360	0	NULL
1387721277	0000-00-00 00:00:00	-41.1473	-71.1634	851.8	360	0	NULL
1387721279	0000-00-00 00:00:00	-41.1473	-71.1634	851.8	360	0	NULL
1387721281	0000-00-00 00:00:00	-41.1473	-71.1634	851.8	360	0	NULL
1387721283	0000-00-00 00:00:00	-41.1473	-71.1634	851.8	360	0	NULL
1387721285	0000-00-00 00:00:00	-41.1473	-71.1634	851.8	360	0	NULL
1387721287	0000-00-00 00:00:00	-41.1473	-71.1634	851.8	360	0	NULL
1387721301	0000-00-00 00:00:00	-41.1473	-71.1634	0	360	0	NULL
1387721325	0000-00-00 00:00:00	-41.1473	-71.1634	0	360	0	NULL
1387721327	0000-00-00 00:00:00	-41.1473	-71.1634	851.8	360	0	NULL
1387721329	0000-00-00 00:00:00	-41.1473	-71.1634	851.8	360	0	NULL
1387721331	0000-00-00 00:00:00	-41.1473	-71.1634	851.8	360	0	NULL
1387721333	0000-00-00 00:00:00	-41.1473	-71.1634	851.8	360	0	NULL
1387721335	0000-00-00 00:00:00	-41.1473	-71.1634	851.8	360	0	NULL
1387721337	0000-00-00 00:00:00	-41.1473	-71.1634	851.8	360	0	NULL
1387721339	0000-00-00 00:00:00	-41.1473	-71.1634	851.8	360	0	NULL
1387721341	0000-00-00 00:00:00	-41.1473	-71.1634	851.8	360	0	NULL
1387721343	0000-00-00 00:00:00	-41.1473	-71.1634	851.8	360	0	NULL
1387721345	0000-00-00 00:00:00	-41.1473	-71.1634	851.8	360	0	NULL
1387721347	0000-00-00 00:00:00	-41.1473	-71.1634	851.8	360	0	NULL
1387721349	0000-00-00 00:00:00	-41.1473	-71.1634	851.8	360	0	NULL
1387721351	0000-00-00 00:00:00	-41.1473	-71.1634	851.8	360	0	NULL
1387721353	0000-00-00 00:00:00	-41.1473	-71.1634	851.8	360	0	NULL
1387721355	0000-00-00 00:00:00	-41.1473	-71.1634	851.8	360	0	NULL
1387721357	0000-00-00 00:00:00	-41.1473	-71.1634	851.8	360	0	NULL
1387721361	0000-00-00 00:00:00	-41.1473	-71.1633	0	360	0	NULL
1387721365	0000-00-00 00:00:00	-41.1473	-71.1633	0	360	0	NULL
1387721369	0000-00-00 00:00:00	-41.1473	-71.1633	0	360	0	NULL
1387721373	0000-00-00 00:00:00	-41.1473	-71.1633	0	360	0	NULL
1387721377	0000-00-00 00:00:00	-41.1473	-71.1633	0	360	0	NULL
1387721381	0000-00-00 00:00:00	-41.1473	-71.1633	0	360	0	NULL
1387721385	0000-00-00 00:00:00	-41.1473	-71.1633	0	360	0	NULL
1387721389	0000-00-00 00:00:00	-41.1473	-71.1633	0	360	0	NULL
1387721393	0000-00-00 00:00:00	-41.1473	-71.1633	0	360	0	NULL
1387721397	0000-00-00 00:00:00	-41.1473	-71.1633	0	360	0	NULL
1387721402	0000-00-00 00:00:00	-41.1473	-71.1633	0	360	0	NULL
1387721407	0000-00-00 00:00:00	-41.1473	-71.1633	0	360	0	NULL
1387721413	0000-00-00 00:00:00	-41.1473	-71.1633	0	360	0	NULL
1387721417	0000-00-00 00:00:00	-41.1473	-71.1633	0	360	0	NULL
1387721421	0000-00-00 00:00:00	-41.1473	-71.1633	0	360	0	NULL
1387721425	0000-00-00 00:00:00	-41.1473	-71.1633	0	360	0	NULL
1387721429	0000-00-00 00:00:00	-41.1473	-71.1633	0	360	0	NULL
1387721433	0000-00-00 00:00:00	-41.1473	-71.1633	0	360	0	NULL
1387721437	0000-00-00 00:00:00	-41.1473	-71.1633	0	360	0	NULL
1387721441	0000-00-00 00:00:00	-41.1473	-71.1633	0	360	0	NULL
1387721449	0000-00-00 00:00:00	-41.1473	-71.1633	0	360	0	NULL
1387721453	0000-00-00 00:00:00	-41.1473	-71.1633	0	360	0	NULL
1387721457	0000-00-00 00:00:00	-41.1473	-71.1633	0	360	0	NULL
1387721461	0000-00-00 00:00:00	-41.1473	-71.1633	0	360	0	NULL
1387721465	0000-00-00 00:00:00	-41.1473	-71.1633	0	360	0	NULL
1387721469	0000-00-00 00:00:00	-41.1473	-71.1633	0	360	0	NULL
1387721473	0000-00-00 00:00:00	-41.1473	-71.1633	0	360	0	NULL
1387721480	0000-00-00 00:00:00	-41.1473	-71.1633	0	360	0	NULL
1387721485	0000-00-00 00:00:00	-41.1473	-71.1633	0	360	0	NULL
1387721489	0000-00-00 00:00:00	-41.1473	-71.1633	0	360	0	NULL
1387721493	0000-00-00 00:00:00	-41.1473	-71.1633	0	360	0	NULL
1387721497	0000-00-00 00:00:00	-41.1473	-71.1633	0	360	0	NULL
1387721501	0000-00-00 00:00:00	-41.1473	-71.1633	0	360	0	NULL
1387721505	0000-00-00 00:00:00	-41.1473	-71.1633	0	360	0	NULL
1387721509	0000-00-00 00:00:00	-41.1473	-71.1633	0	360	0	NULL
1387721515	0000-00-00 00:00:00	-41.1473	-71.1633	0	360	0	NULL
1387721519	0000-00-00 00:00:00	-41.1473	-71.1633	0	360	0	NULL
1387721523	0000-00-00 00:00:00	-41.1473	-71.1633	0	360	0	NULL
1387721527	0000-00-00 00:00:00	-41.1473	-71.1633	0	360	0	NULL
1387721531	0000-00-00 00:00:00	-41.1473	-71.1633	0	360	0	NULL
1387721535	0000-00-00 00:00:00	-41.1473	-71.1633	0	360	0	NULL
1387721539	0000-00-00 00:00:00	-41.1473	-71.1633	0	360	0	NULL
1387721543	0000-00-00 00:00:00	-41.1473	-71.1633	0	360	0	NULL
1387721547	0000-00-00 00:00:00	-41.1473	-71.1633	0	360	0	NULL
1387721553	0000-00-00 00:00:00	-41.1473	-71.1633	0	360	0	NULL
1387721557	0000-00-00 00:00:00	-41.1473	-71.1633	0	360	0	NULL
1387721561	0000-00-00 00:00:00	-41.1473	-71.1633	0	360	0	NULL
1387721565	0000-00-00 00:00:00	-41.1473	-71.1633	0	360	0	NULL
1387721569	0000-00-00 00:00:00	-41.1473	-71.1633	0	360	0	NULL
1387721573	0000-00-00 00:00:00	-41.1473	-71.1633	0	360	0	NULL
1387721577	0000-00-00 00:00:00	-41.1473	-71.1633	0	360	0	NULL
1387721581	0000-00-00 00:00:00	-41.1473	-71.1633	0	360	0	NULL
1387721588	0000-00-00 00:00:00	-41.1473	-71.1633	0	360	0	NULL
1387721593	0000-00-00 00:00:00	-41.1473	-71.1633	0	360	0	NULL
1387721597	0000-00-00 00:00:00	-41.1473	-71.1633	0	360	0	NULL
1387721601	0000-00-00 00:00:00	-41.1473	-71.1633	0	360	0	NULL
1387721605	0000-00-00 00:00:00	-41.1473	-71.1633	0	360	0	NULL
1387721609	0000-00-00 00:00:00	-41.1473	-71.1633	0	360	0	NULL
1387721613	0000-00-00 00:00:00	-41.1473	-71.1633	0	360	0	NULL
1387721617	0000-00-00 00:00:00	-41.1473	-71.1633	0	360	0	NULL
1387721621	0000-00-00 00:00:00	-41.1473	-71.1633	0	360	0	NULL
1387721625	0000-00-00 00:00:00	-41.1473	-71.1633	0	360	0	NULL
1387721629	0000-00-00 00:00:00	-41.1473	-71.1633	0	360	0	NULL
1387721633	0000-00-00 00:00:00	-41.1473	-71.1633	0	360	0	NULL
1387721637	0000-00-00 00:00:00	-41.1473	-71.1633	0	360	0	NULL
1387721641	0000-00-00 00:00:00	-41.1473	-71.1633	0	360	0	NULL
1387721645	0000-00-00 00:00:00	-41.1473	-71.1633	0	360	0	NULL
1387721649	0000-00-00 00:00:00	-41.1473	-71.1633	0	360	0	NULL
1387721653	0000-00-00 00:00:00	-41.1473	-71.1633	0	360	0	NULL
1387721657	0000-00-00 00:00:00	-41.1473	-71.1633	0	360	0	NULL
1387721661	0000-00-00 00:00:00	-41.1473	-71.1633	0	360	0	NULL
1387721665	0000-00-00 00:00:00	-41.1473	-71.1633	0	360	0	NULL
1387721669	0000-00-00 00:00:00	-41.1473	-71.1633	0	360	0	NULL
1387721673	0000-00-00 00:00:00	-41.1473	-71.1633	0	360	0	NULL
1387721677	0000-00-00 00:00:00	-41.1473	-71.1633	0	360	0	NULL
1387721678	0000-00-00 00:00:00	NULL	NULL	NULL	NULL	NULL	NULL
1387721681	0000-00-00 00:00:00	-41.1473	-71.1633	0	360	0	NULL
1387721685	0000-00-00 00:00:00	-41.1473	-71.1633	0	360	0	NULL
1387721689	0000-00-00 00:00:00	-41.1473	-71.1633	0	360	0	NULL
1387721693	0000-00-00 00:00:00	-41.1473	-71.1633	0	360	0	NULL
1387721697	0000-00-00 00:00:00	-41.1473	-71.1633	0	360	0	NULL
1387721701	0000-00-00 00:00:00	-41.1473	-71.1633	0	360	0	NULL
1387721705	0000-00-00 00:00:00	-41.1473	-71.1633	0	360	0	NULL
1387721709	0000-00-00 00:00:00	-41.1473	-71.1633	0	360	0	NULL
1387721713	0000-00-00 00:00:00	-41.1473	-71.1633	0	360	0	NULL
1387721717	0000-00-00 00:00:00	-41.1473	-71.1633	0	360	0	NULL
1387721719	2001-04-02 07:44:23	NULL	NULL	NULL	NULL	NULL	NULL
1387721721	0000-00-00 00:00:00	-41.1473	-71.1634	851.8	360	0	NULL
1387721724	0000-00-00 00:00:00	-41.1473	-71.1634	851.8	360	0	NULL
1387721726	0000-00-00 00:00:00	-41.1473	-71.1634	851.8	360	0	NULL
1387721728	0000-00-00 00:00:00	-41.1473	-71.1634	851.8	360	0	NULL
1387721730	0000-00-00 00:00:00	-41.1473	-71.1634	851.8	360	0	NULL
1387721732	0000-00-00 00:00:00	-41.1473	-71.1634	851.8	360	0	NULL
1387721734	0000-00-00 00:00:00	-41.1473	-71.1634	851.8	360	0	NULL
1387721736	0000-00-00 00:00:00	-41.1473	-71.1634	851.8	360	0	NULL
1387721738	0000-00-00 00:00:00	-41.1473	-71.1634	851.8	360	0	NULL
1387721740	0000-00-00 00:00:00	-41.1473	-71.1634	851.8	360	0	NULL
1387721742	0000-00-00 00:00:00	-41.1473	-71.1634	851.8	360	0	NULL
1387721744	0000-00-00 00:00:00	-41.1473	-71.1634	851.8	360	0	NULL
1387721746	0000-00-00 00:00:00	-41.1473	-71.1634	851.8	360	0	NULL
1387721748	0000-00-00 00:00:00	-41.1473	-71.1634	851.8	360	0	NULL
1387721750	0000-00-00 00:00:00	-41.1473	-71.1634	851.8	360	0	NULL
1387721752	0000-00-00 00:00:00	-41.1473	-71.1634	851.8	360	0	NULL
1387721754	0000-00-00 00:00:00	-41.1473	-71.1634	851.8	360	0	NULL
1387721755	2013-12-22 07:44:23	NULL	NULL	NULL	NULL	NULL	NULL
1387721756	0000-00-00 00:00:00	-41.1473	-71.1634	851.8	360	0	NULL
1387721758	0000-00-00 00:00:00	-41.1473	-71.1634	851.8	360	0	NULL
1387721760	0000-00-00 00:00:00	-41.1473	-71.1634	851.8	360	0	NULL
1387721762	0000-00-00 00:00:00	-41.1473	-71.1634	851.8	360	0	NULL
1387721765	0000-00-00 00:00:00	-41.1473	-71.1634	0	360	0	NULL
1387721769	0000-00-00 00:00:00	-41.1473	-71.1634	0	360	0	NULL
1387721771	0000-00-00 00:00:00	-41.1473	-71.1634	851.8	360	0	NULL
1387721775	0000-00-00 00:00:00	-41.1473	-71.1634	0	360	0	NULL
1387721779	0000-00-00 00:00:00	-41.1473	-71.1634	0	360	0	NULL
1387721781	0000-00-00 00:00:00	-41.1473	-71.1634	851.8	360	0	NULL
1387721783	0000-00-00 00:00:00	-41.1473	-71.1634	851.8	360	0	NULL
1387721785	0000-00-00 00:00:00	-41.1473	-71.1634	851.8	360	0	NULL
1387721788	0000-00-00 00:00:00	-41.1473	-71.1634	851.8	360	0	NULL
1387721790	0000-00-00 00:00:00	-41.1473	-71.1634	851.8	360	0	NULL
1387721792	0000-00-00 00:00:00	-41.1473	-71.1634	851.8	360	0	NULL
1387721795	0000-00-00 00:00:00	-41.1473	-71.1634	0	360	0	NULL
1387721797	0000-00-00 00:00:00	-41.1473	-71.1634	851.8	360	0	NULL
1387721799	0000-00-00 00:00:00	-41.1473	-71.1634	851.8	360	0	NULL
1387721801	0000-00-00 00:00:00	-41.1473	-71.1634	851.8	360	0	NULL
1387721805	0000-00-00 00:00:00	-41.1473	-71.1634	851.8	360	0	NULL
1387721807	0000-00-00 00:00:00	-41.1473	-71.1634	851.8	360	0	NULL
1387721809	0000-00-00 00:00:00	-41.1473	-71.1634	851.8	360	0	NULL
1387721811	0000-00-00 00:00:00	-41.1473	-71.1634	851.8	360	0	NULL
1387721813	0000-00-00 00:00:00	-41.1473	-71.1634	851.8	360	0	NULL
1387721815	0000-00-00 00:00:00	-41.1473	-71.1634	851.8	360	0	NULL
1387721817	0000-00-00 00:00:00	-41.1473	-71.1634	851.8	360	0	NULL
1387721819	0000-00-00 00:00:00	-41.1473	-71.1634	851.8	360	0	NULL
1387721821	0000-00-00 00:00:00	-41.1473	-71.1634	851.8	360	0	NULL
1387721823	0000-00-00 00:00:00	-41.1473	-71.1634	851.8	360	0	NULL
1387721825	0000-00-00 00:00:00	-41.1473	-71.1634	851.8	360	0	NULL
1387721827	0000-00-00 00:00:00	-41.1473	-71.1634	851.8	360	0	NULL
1387721829	0000-00-00 00:00:00	-41.1473	-71.1634	851.8	360	0	NULL
1387721831	0000-00-00 00:00:00	-41.1473	-71.1634	851.8	360	0	NULL
1387721832	0000-00-00 00:00:00	NULL	NULL	NULL	NULL	NULL	NULL
1387721833	0000-00-00 00:00:00	-41.1473	-71.1634	851.8	360	0	NULL
1387721835	0000-00-00 00:00:00	-41.1473	-71.1634	851.8	360	0	NULL
1387721838	0000-00-00 00:00:00	-41.1473	-71.1634	851.8	360	0	NULL
1387721841	0000-00-00 00:00:00	-41.1473	-71.1634	851.8	360	0	NULL
1387721843	0000-00-00 00:00:00	-41.1473	-71.1634	851.8	360	0	NULL
1387721845	0000-00-00 00:00:00	-41.1473	-71.1634	851.8	360	0	NULL
1387721847	0000-00-00 00:00:00	-41.1473	-71.1634	851.8	360	0	NULL
1387721849	0000-00-00 00:00:00	-41.1473	-71.1634	851.8	360	0	NULL
1387721851	0000-00-00 00:00:00	-41.1473	-71.1634	851.8	360	0	NULL
1387721852	2013-12-22 07:44:23	NULL	NULL	NULL	NULL	NULL	NULL
1387721853	0000-00-00 00:00:00	-41.1473	-71.1634	851.8	360	0	NULL
1387721855	0000-00-00 00:00:00	-41.1473	-71.1634	851.8	360	0	NULL
1387721857	0000-00-00 00:00:00	-41.1473	-71.1634	851.8	360	0	NULL
1387721859	0000-00-00 00:00:00	-41.1473	-71.1634	851.8	360	0	NULL
1387721861	0000-00-00 00:00:00	-41.1473	-71.1634	851.8	360	0	NULL
1387721863	0000-00-00 00:00:00	-41.1473	-71.1634	851.8	360	0	NULL
1387721865	0000-00-00 00:00:00	-41.1473	-71.1634	851.8	360	0	NULL
1387721867	0000-00-00 00:00:00	-41.1473	-71.1634	851.8	360	0	NULL
1387721869	0000-00-00 00:00:00	-41.1473	-71.1634	851.8	360	0	NULL
1387721871	0000-00-00 00:00:00	-41.1473	-71.1634	851.8	360	0	NULL
1387721873	0000-00-00 00:00:00	-41.1473	-71.1634	851.8	360	0	NULL
1387721875	0000-00-00 00:00:00	-41.1473	-71.1634	851.8	360	0	NULL
1387721877	0000-00-00 00:00:00	-41.1473	-71.1634	851.8	360	0	NULL
1387721881	0000-00-00 00:00:00	-41.1473	-71.1634	851.8	360	0	NULL
1387721883	0000-00-00 00:00:00	-41.1473	-71.1634	851.8	360	0	NULL
1387721885	0000-00-00 00:00:00	-41.1473	-71.1634	851.8	360	0	NULL
1387721887	0000-00-00 00:00:00	-41.1473	-71.1634	851.8	360	0	NULL
1387721889	0000-00-00 00:00:00	-41.1473	-71.1634	851.8	360	0	NULL
1387721891	0000-00-00 00:00:00	-41.1473	-71.1634	851.8	360	0	NULL
1387721893	0000-00-00 00:00:00	-41.1473	-71.1634	851.8	360	0	NULL
1387721895	0000-00-00 00:00:00	-41.1473	-71.1634	851.8	360	0	NULL
1387721897	0000-00-00 00:00:00	-41.1473	-71.1634	851.8	360	0	NULL
1387721899	0000-00-00 00:00:00	-41.1473	-71.1634	851.8	360	0	NULL
1387721901	0000-00-00 00:00:00	-41.1473	-71.1634	851.8	360	0	NULL
1387721903	0000-00-00 00:00:00	-41.1473	-71.1634	851.8	360	0	NULL
1387721905	0000-00-00 00:00:00	-41.1473	-71.1634	851.8	360	0	NULL
1387729044	0000-00-00 00:00:00	-41.1473	-71.1634	0	360	0	NULL
1387745140	0000-00-00 00:00:00	-39	-67.5	850.4	360	0	NULL
1387745143	0000-00-00 00:00:00	-39	-67.5	850.4	360	0	NULL
1387745146	0000-00-00 00:00:00	-39	-67.5	0	360	0	NULL
1387745148	0000-00-00 00:00:00	-39	-67.5	850.4	360	0	NULL
1387745152	0000-00-00 00:00:00	-39	-67.5	0	360	0	NULL
1387745154	0000-00-00 00:00:00	-39	-67.5	850.4	360	0	NULL
1387745156	0000-00-00 00:00:00	-39	-67.5	850.4	360	2.778	NULL
1387745158	0000-00-00 00:00:00	-38.9999	-67.5	850.4	360	2.778	NULL
1387745160	0000-00-00 00:00:00	-38.9999	-67.5	850	360	2.778	NULL
1387745162	0000-00-00 00:00:00	-38.9998	-67.5	850	360	2.778	NULL
1387745164	0000-00-00 00:00:00	-38.9998	-67.5	850	0	2.778	NULL
1387745166	0000-00-00 00:00:00	-38.9997	-67.5	850	0	2.778	NULL
1387745168	0000-00-00 00:00:00	-38.9997	-67.5	850	0	2.778	NULL
1387745170	0000-00-00 00:00:00	-38.9996	-67.5	850	0	2.778	NULL
1387745172	0000-00-00 00:00:00	-38.9996	-67.5	850	0	2.778	NULL
1387745174	0000-00-00 00:00:00	-38.9995	-67.5	850	0	2.778	NULL
1387745176	0000-00-00 00:00:00	-38.9995	-67.5	850	0	2.778	NULL
1387745179	0000-00-00 00:00:00	-38.9994	-67.5	850	0	2.778	NULL
1387745181	0000-00-00 00:00:00	-38.9994	-67.5	850	0	2.778	NULL
1387745183	0000-00-00 00:00:00	-38.9993	-67.5	850	0	2.778	NULL
1387745186	0000-00-00 00:00:00	-38.9992	-67.5	0	0	2.778	NULL
1387745188	0000-00-00 00:00:00	-38.9992	-67.5	850	0	2.778	NULL
1387745190	0000-00-00 00:00:00	-38.9991	-67.5	850	0	2.778	NULL
1387745192	0000-00-00 00:00:00	-38.9991	-67.5	850	0	2.778	NULL
1387745194	0000-00-00 00:00:00	-38.999	-67.5	850	0	2.778	NULL
1387745196	0000-00-00 00:00:00	-38.999	-67.5	850	0	2.778	NULL
1387745198	0000-00-00 00:00:00	-38.9989	-67.5	850	0	2.778	NULL
1387745200	0000-00-00 00:00:00	-38.9989	-67.5	850	0	2.778	NULL
1387745202	0000-00-00 00:00:00	-38.9988	-67.5	850	0	2.778	NULL
1387745204	0000-00-00 00:00:00	-38.9988	-67.5	850	0	2.778	NULL
1387745206	0000-00-00 00:00:00	-38.9987	-67.5	850	0	2.778	NULL
1387745210	0000-00-00 00:00:00	-38.9986	-67.5	850	0	2.778	NULL
1387745212	0000-00-00 00:00:00	-38.9986	-67.5	850	0	2.778	NULL
1387745214	0000-00-00 00:00:00	-38.9985	-67.5	850	0	2.778	NULL
1387745216	0000-00-00 00:00:00	-38.9985	-67.5	850	0	2.778	NULL
1387745219	0000-00-00 00:00:00	-38.9984	-67.5	850	0	2.778	NULL
1387745222	0000-00-00 00:00:00	-38.9983	-67.5	0	0	2.778	NULL
1387745224	0000-00-00 00:00:00	-38.9983	-67.5	850	0	2.778	NULL
1387745226	0000-00-00 00:00:00	-38.9982	-67.5	850	0	2.778	NULL
1387745228	0000-00-00 00:00:00	-38.9982	-67.5	850	0	2.778	NULL
1387745230	0000-00-00 00:00:00	-38.9981	-67.5	850	0	2.778	NULL
1387745232	0000-00-00 00:00:00	-38.9981	-67.5	850	0	2.778	NULL
1387745234	0000-00-00 00:00:00	-38.998	-67.5	850	0	2.778	NULL
1387745236	0000-00-00 00:00:00	-38.998	-67.5	850	0	2.778	NULL
1387745238	0000-00-00 00:00:00	-38.9979	-67.5	850	0	2.778	NULL
1387745240	0000-00-00 00:00:00	-38.9979	-67.5	850	0	2.778	NULL
1387745242	0000-00-00 00:00:00	-38.9978	-67.5	850	0	2.778	NULL
1387745244	0000-00-00 00:00:00	-38.9978	-67.5	850	0	2.778	NULL
1387745246	0000-00-00 00:00:00	-38.9977	-67.5	850	0	2.778	NULL
